{"pose": [-1.928543210029602, 0.02616821974515915, 0.3028804361820221, -0.8303275108337402, 2.444763422012329, -0.8611382246017456, -1.0602144002914429, -0.14852440357208252, -0.005205201450735331, 0.48188742995262146, 1.6951286792755127, -1.6048628091812134, 1.0650359392166138, 2.5267229080200195, 0.6550450921058655, -0.7544786334037781, -0.6889702677726746, 0.5009744763374329, -2.1328134536743164, 0.012454918585717678, -1.6497057676315308, 2.0124099254608154, 0.7451902627944946, -1.8768717050552368, 0.4356904923915863, -1.298417091369629, -0.43677976727485657, 0.3350594937801361, 2.28882098197937, 1.2024468183517456, -2.292804479598999, 0.279540091753006, -0.9342572093009949, 1.4072364568710327, 0.03482487052679062, -2.6878573894500732, -1.7036224603652954, 0.20861965417861938, -1.0341174602508545, 1.217566728591919, 0.06200378015637398, -1.9652698040008545, -0.6989423036575317, 1.3672209978103638, -1.7451180219650269, -0.1491955667734146, 1.4085105657577515, 1.1470271348953247, -0.5172489285469055, -1.5694564580917358, -1.1655291318893433, -0.3038090169429779, 0.8123010993003845, 1.6139543056488037, -0.9541608691215515, -1.6265418529510498, -0.8773297667503357, 0.554711639881134, -0.1622505933046341, 0.7535128593444824, 2.053035020828247, 0.9065054059028625, -1.1051183938980103, 1.390419840812683, 0.3942967653274536, 1.6147936582565308, 0.0, 0.0, 0.0, 0.0, 0.0, 0.0], "shape": [-0.08492158353328705, -0.2245635688304901, 0.09667599946260452, 0.04363105073571205, 0.05544878542423248, 0.04432752728462219, -0.0567677840590477, -0.01643463224172592, 0.016829172149300575, -0.020526790991425514]}