{"pose": [-3.306767463684082, 0.23254507780075073, 0.5549029111862183, -0.06374865025281906, 0.22276140749454498, 0.15107277035713196, -0.29798880219459534, 0.034231480211019516, -0.23684225976467133, 0.15903273224830627, -0.10582957416772842, 0.041122712194919586, 0.18362824618816376, 0.0875418484210968, -0.060478415340185165, 0.3340626657009125, 0.07144378870725632, -0.03985719382762909, 0.08727584034204483, -0.16278326511383057, 0.027840865775942802, 0.06834091991186142, 0.39500927925109863, -0.27040746808052063, 0.11151950806379318, -0.12588298320770264, 0.21048128604888916, 0.02050883322954178, -0.12167394906282425, 0.024780141189694405, 1.2241748571395874, 0.024136614054441452, -0.26657435297966003, 1.3138761520385742, -0.08751101046800613, 0.47004860639572144, 0.2953804135322571, 0.3860628008842468, -0.3927016854286194, 0.029804851859807968, -0.4041283130645752, -0.40785276889801025, 0.18748591840267181, 0.20763139426708221, 0.401724249124527, 0.37782108783721924, 0.35901230573654175, -0.21233521401882172, 0.3031935691833496, -0.6010377407073975, -0.9571578502655029, 0.29198792576789856, 0.3564969599246979, 1.0453115701675415, -0.17582130432128906, -0.0976485088467598, -0.21665453910827637, -0.25992634892463684, 0.17834176123142242, 0.15081702172756195, 0.91663658618927, 0.5104203224182129, 0.19287537038326263, 0.24485750496387482, -0.16394634544849396, -0.022630035877227783, 0.0, 0.0, 0.0, 0.0, 0.0, 0.0], "shape": [0.005676322616636753, -0.020531054586172104, -0.009587905369699001, 0.01237906701862812, 0.006889907643198967, 0.004034453071653843, -0.006761056371033192, 0.001007452723570168, 0.005939457565546036, 0.004770529456436634]}