{"pose": [2.9937002658843994, -0.01981426030397415, -0.5050463676452637, -0.02571687288582325, 0.1227814257144928, 0.21362392604351044, -0.3629934787750244, 0.019634593278169632, -0.17060859501361847, 0.3264690637588501, -0.1193082258105278, 0.03593740239739418, 0.34991055727005005, 0.002705262042582035, -0.07279140502214432, 0.4669954180717468, 0.07127253711223602, 0.04407952353358269, 0.031060323119163513, -0.13235971331596375, 0.059513505548238754, -0.12743344902992249, 0.2663218379020691, -0.020422447472810745, 0.09895553439855576, -0.0796683207154274, 0.17819806933403015, 0.10845955461263657, -0.08965767920017242, 0.06164565309882164, -0.00010744971223175526, 1.0938123523374088e-05, -4.701742000179365e-05, -0.00019001055625267327, 0.0001046660472638905, -0.0001174697681562975, 0.17087775468826294, 0.21763396263122559, -0.1769706755876541, -0.0042037358507514, -0.248113751411438, -0.19475962221622467, 0.06237250566482544, -0.0015025619650259614, 0.23646318912506104, -0.005881674587726593, 0.29079246520996094, -0.0036351149901747704, -0.028869405388832092, -0.49444401264190674, -0.7840713262557983, 0.17971312999725342, -0.00025155534967780113, 0.887191116809845, 0.13206560909748077, -0.5798843502998352, 0.033402055501937866, 0.03154304623603821, 0.4462590515613556, -0.09282272309064865, -0.1790328323841095, -0.13753625750541687, 0.22928544878959656, -0.0805656909942627, 0.059582024812698364, -0.0972093790769577, 0.0, 0.0, 0.0, 0.0, 0.0, 0.0], "shape": [-0.22500871121883392, 0.21204446256160736, -0.07560684531927109, -0.2299373745918274, -0.018117139115929604, -0.12114851921796799, -0.1605013608932495, 0.015918489545583725, -0.05086357891559601, -0.021126149222254753]}